{
    "id": "b3a966fb-c074-42c8-9605-39e885420fa0",
    "created_at": "2023-06-27T16:49:57Z",
    "update_at": "2023-06-27T16:51:46Z",
    "global_timeout": 150,
    "tunnel_name": "",
    "start_time": "2023-06-27T16:50:36Z",
    "end_time": "2023-06-27T16:51:46Z",
    "summary": {
        "total_time": 70000000000,
        "execution_time": 70000000000,
        "total_tasks": 4,
        "build_time_consumed": 121000000000,
        "jobTestExecutionTime": "0s",
        "failed_tasks": 3,
        "total_stage_info": {
            "prerun": {
                "StageFailedPercent": 0,
                "StagePassPercent": 100,
                "TotalStage": 4
            },
            "scenario": {
                "StageFailedPercent": 0,
                "StagePassPercent": 100,
                "TotalStage": 1
            },
            "test_discovery": {
                "StageFailedPercent": 0,
                "StagePassPercent": 100,
                "TotalStage": 4
            }
        },
        "status": "failed",
        "job_link": "https://hyperexecute.lambdatest.com/hyperexecute/task?jobId=b3a966fb-c074-42c8-9605-39e885420fa0"
    },
    "tasks": [
        {
            "id": "14b51d31-9260-47d5-8dea-2d474e99b43b",
            "os": "linux",
            "status": "completed",
            "remark": "completed",
            "debug": false,
            "created_at": "2023-06-27T16:50:34Z",
            "update_at": "2023-06-27T16:51:18Z",
            "start_time": "2023-06-27T16:50:36Z",
            "end_time": "2023-06-27T16:51:18Z",
            "group_number": 1,
            "stages": [
                {
                    "id": "7b63c1c2-7adb-4a8d-8647-f51bb8eaba88",
                    "type": "prerun",
                    "status": "completed",
                    "name": "pre",
                    "iteration": 0,
                    "link": "pre.log",
                    "created_at": "2023-06-27T16:50:42Z",
                    "started_at": "2023-06-27T16:50:43Z",
                    "updated_at": "2023-06-27T16:50:51Z",
                    "order": 2
                },
                {
                    "id": "3b137d9e-cbcb-47bd-bd05-23fbaa683367",
                    "type": "test_discovery",
                    "status": "completed",
                    "name": "discovery",
                    "iteration": 0,
                    "link": "discovery.log",
                    "created_at": "2023-06-27T16:50:53Z",
                    "started_at": "2023-06-27T16:50:54Z",
                    "updated_at": "2023-06-27T16:50:55Z",
                    "order": 3
                },
                {
                    "id": "d9082348-8b5c-478b-8abb-a15b3e7d42cd",
                    "type": "scenario",
                    "status": "completed",
                    "name": "\"Test_1\"",
                    "iteration": 0,
                    "link": "command.1.0.log",
                    "created_at": "2023-06-27T16:50:57Z",
                    "started_at": "2023-06-27T16:50:59Z",
                    "updated_at": "2023-06-27T16:51:11Z",
                    "order": 4
                }
            ]
        },
        {
            "id": "5d2c2ab0-9969-4ae2-bf14-9c89572694cf",
            "os": "linux",
            "status": "failed",
            "remark": "completed",
            "debug": false,
            "created_at": "2023-06-27T16:50:34Z",
            "update_at": "2023-06-27T16:51:02Z",
            "start_time": "2023-06-27T16:50:36Z",
            "end_time": "2023-06-27T16:51:02Z",
            "group_number": 2,
            "stages": [
                {
                    "id": "4c31b334-f0e4-47d9-8173-9af515861da0",
                    "type": "prerun",
                    "status": "completed",
                    "name": "pre",
                    "iteration": 0,
                    "link": "pre.log",
                    "created_at": "2023-06-27T16:50:42Z",
                    "started_at": "2023-06-27T16:50:43Z",
                    "updated_at": "2023-06-27T16:50:51Z",
                    "order": 2
                },
                {
                    "id": "57983271-6642-4faf-974f-547e3c26d8b0",
                    "type": "test_discovery",
                    "status": "completed",
                    "name": "discovery",
                    "iteration": 0,
                    "link": "discovery.log",
                    "created_at": "2023-06-27T16:50:53Z",
                    "started_at": "2023-06-27T16:50:54Z",
                    "updated_at": "2023-06-27T16:50:55Z",
                    "order": 3
                }
            ]
        },
        {
            "id": "c607fd33-1f8a-4bf4-a262-0ef253a59e6b",
            "os": "linux",
            "status": "failed",
            "remark": "completed",
            "debug": false,
            "created_at": "2023-06-27T16:50:34Z",
            "update_at": "2023-06-27T16:51:29Z",
            "start_time": "2023-06-27T16:51:03Z",
            "end_time": "2023-06-27T16:51:29Z",
            "group_number": 3,
            "stages": [
                {
                    "id": "30d673da-9587-47e5-bc83-2d777546f244",
                    "type": "prerun",
                    "status": "completed",
                    "name": "pre",
                    "iteration": 0,
                    "link": "pre.log",
                    "created_at": "2023-06-27T16:51:09Z",
                    "started_at": "2023-06-27T16:51:10Z",
                    "updated_at": "2023-06-27T16:51:18Z",
                    "order": 2
                },
                {
                    "id": "88ad1efd-8068-43d2-a199-b003a7963f49",
                    "type": "test_discovery",
                    "status": "completed",
                    "name": "discovery",
                    "iteration": 0,
                    "link": "discovery.log",
                    "created_at": "2023-06-27T16:51:20Z",
                    "started_at": "2023-06-27T16:51:21Z",
                    "updated_at": "2023-06-27T16:51:22Z",
                    "order": 3
                }
            ]
        },
        {
            "id": "1c43ee71-564c-4fe6-8a03-052ccb385365",
            "os": "linux",
            "status": "failed",
            "remark": "completed",
            "debug": false,
            "created_at": "2023-06-27T16:50:34Z",
            "update_at": "2023-06-27T16:51:46Z",
            "start_time": "2023-06-27T16:51:19Z",
            "end_time": "2023-06-27T16:51:46Z",
            "group_number": 4,
            "stages": [
                {
                    "id": "80e57ce6-0ff6-4eb0-8616-c6935b737c34",
                    "type": "prerun",
                    "status": "completed",
                    "name": "pre",
                    "iteration": 0,
                    "link": "pre.log",
                    "created_at": "2023-06-27T16:51:25Z",
                    "started_at": "2023-06-27T16:51:26Z",
                    "updated_at": "2023-06-27T16:51:34Z",
                    "order": 2
                },
                {
                    "id": "e37573ec-9bb7-4990-829f-7ffc61ca9d4e",
                    "type": "test_discovery",
                    "status": "completed",
                    "name": "discovery",
                    "iteration": 0,
                    "link": "discovery.log",
                    "created_at": "2023-06-27T16:51:37Z",
                    "started_at": "2023-06-27T16:51:38Z",
                    "updated_at": "2023-06-27T16:51:39Z",
                    "order": 3
                }
            ]
        }
    ]
}