<?xml version="1.0" encoding="UTF-8"?>
<!DOCTYPE suite SYSTEM "http://testng.org/testng-1.0.dtd">
<suite name="Linux: TestNG Execution using HyperExecute"  thread-count="1" parallel="methods">
	<listeners>
		<listener class-name="org.uncommons.reportng.HTMLReporter"/>
		<listener class-name="org.uncommons.reportng.JUnitXMLReporter"/>
	</listeners>

	<test name="Test_1">
			<parameter name="browser" value="Chrome"/>
			<parameter name="version" value="latest"/>
			<parameter name="platform" value="LINUX"/>
			<parameter name="resolution" value="1024x768"/>
			<classes>
				<class name="Test1" />
			</classes>
	</test>
	
</suite>
